Code,Name
KPi.033, RI WON HO
KPi.037, CHANG CHANG HA
KPi.038, CHO CHUN RYONG
QDi.430,EMRAAN ALI
KPi.034,JO YONG CHOL
KPi.035, KIM CHOL SAM
KPi.036, KIM SOK CHOL
KPi.030, KIM SONG CHOL
KPi.032, KIM SE GON
KPi.031, SON JONG HYOK
KPi.039, SON MUN SAN
YEi.001, ABD AL-KHALIQ AL-HOUTHI
SOi.020, MAHAD KARATE
QDi.400, IYAD NAZMI SALIH KHALIL
QDi.343, ASHRAF MUHAMMAD YUSUF 'UTHMAN 'ABD AL-SALAM
IRi.001, FEREIDOUN ABBASI-DAVANI
TAi.155, ABDUL AZIZ ABBASIN
QDi.012, NASHWAN ABD AL-RAZZAQ ABD AL-BAQI
IQi.043, HUMAM ABD-AL-KHALIQ ABD-AL-GHAFUR
QDi.192, ABD ALLAH MOHAMED RAGAB ABDEL RAHMAN
TAi.121, AZIZIRAHMAN ABDUL AHAD
TAi.024, ABDUL GHANI BARADAR ABDUL AHMAD TURK
TAi.128, ABDUL QADEER BASIR ABDUL BASEER
TAi.100, NAZIR MOHAMMAD ABDUL BASIR
QDi.054, MAJEED ABDUL CHAUDHRY
TAi.130, ABDUL GHAFAR QURISHI ABDUL GHANI
TAi.162, ABDUL SATAR ABDUL MANAN
QDi.018, ABDUL MANAN AGHA
TAi.142, ABDUL HAI HAZEM ABDUL QADER
TAi.105, AHMAD TAHA KHALID ABDUL QADIR
TAi.080, SAYED ESMATULLAH ASEM ABDUL QUDDUS
QDi.295, MUHAMMAD JIBRIL ABDUL RAHMAN
QDi.229, ALY SOLIMAN MASSOUD ABDUL SAYED
TAi.008, SHAMS UR-RAHMAN ABDUL ZAHIR
TAi.145, AMIR ABDULLAH
QDi.309, ABDUR REHMAN
QDi.363, MAGHOMED MAGHOMEDZAKIROVICH ABDURAKHMANOV
QDi.086, MOHAMAD IQBAL ABDURRAHMAN
QDi.414, ABDULPATTA ESCALON ABUBAKAR
TAi.160, ABDUL SAMAD ACHEKZAI
TAi.167, ADAM KHAN ACHEKZAI
QDi.304, MOCHAMMAD ACHWAN
CFi.002, NOURREDINE ADAM
SOi.018, ABUKAR ALI ADAN
MLi.004, AHMED AG ALBACHAR
MLi.005, HOUKA HOUKA AG ALHOUSSEINI
QDi.316, IYAD AG GHALI
QDi.424, BAH AG MOUSSA
TAi.114, ABDUL RAHMAN AGHA
TAi.156, AHMAD ZIA AGHA
TAi.091, JANAN AGHA
TAi.057, SAYED MOHAMMAD AZIM AGHA
TAi.072, SAYYED GHIASSOUDDINE AGHA
TAi.174, TOREK AGHA
IRi.003, AZIM AGHAJANI
QDi.203, FARHAD KANABI AHMAD
IQi.080, MUHAMMAD YUNIS AHMAD
QDi.226, NAJMUDDIN FARAJ AHMAD
QDi.237, JABER ABDALLAH JABER AHMAD AL-JALAHMAH
TAi.031, MOHAMMAD AHMADI
IRi.004, ALI AKBAR AHMADIAN
SOi.012, ABUBAKER SHARIFF AHMED
IQi.073, ADNAN S. HASAN AHMED
QDi.014, TARIQ ANWAR EL SAYED AHMED
QDi.193, ZAKI EZAT ZAKI AHMED
TAi.159, AHMED JAN WAZIR AKHTAR MOHAMMAD
TAi.149, SALEH MOHAMMAD KAKAR AKHTAR MUHAMMAD
TAi.094, ABDUL BARI AKHUND
TAi.009, ATTIQULLAH AKHUND
TAi.158, MOHAMMAD AMAN AKHUND
TAi.002, MOHAMMAD HASSAN AKHUND
TAi.066, MOHAMMAD ABBAS AKHUND
TAi.060, MOHAMMAD ESSA AKHUND
TAi.109, AHMAD JAN AKHUNDZADA SHUKOOR AKHUNDZADA
TAi.083, EHSANULLAH SARFIDA HESAMUDDIN AKHUNDZADA
TAi.101, MOHAMMAD ESHAQ AKHUNZADA
QDi.313, DJAMEL AKKACHA
QDi.325, ABOU MOHAMED AL ADNANI
QDi.328, HAJJAJ BIN FAHD AL AJMI
QDi.324, ABDUL MOHSEN ABDALLAH IBRAHIM AL CHAREKH
QDi.228, MOHAMMED AL GHABRA
QDi.429, MOHAMMAD ALI AL HABBO
YEi.002, ABDULLAH YAHYA AL HAKIM
QDi.327, ABDELRAHMAN MOUHAMAD ZAFIR AL DABIDI AL JAHANI
QDi.420, TAHA IBRAHIM ABDALLAH BAKR AL KHUWAYT
LYi.005, AMID HUSAIN AL KUNI
LYi.004, QUREN SALIH QUREN AL QADHAFI
IQi.074, MUNIR AL QUBAYSI
YEi.007, SALEH MESFER SALEH AL SHAER
QDi.361, AMRU AL-ABSI
QDi.338, SHAFI SULTAN MOHAMMED AL-AJMI
QDi.236, HAMID ABDALLAH AHMAD AL-ALI
QDi.092, MEHREZ BEN MAHMOUD BEN SASSI AL-AMDOUNI
QDi.389, ABU UBAYDAH YUSUF AL-ANABI
IQi.076, ADIB SHABAN AL-ANI
QDi.060, MOHAMED BEN BELGACEM BEN ABDALLAH AL-AOUADI
QDi.291, IBRAHIM HASSAN TALI AL-ASIRI
QDi.283, ANWAR NASSER ABDULLA AL-AULAQI
IQi.028, HIKMAT MIZBAN IBRAHIM AL-AZZAWI
LYi.001, ABDULQADER MOHAMMED AL-BAGHDADI
QDi.344, IBRAHIM 'ISA HAJJI MUHAMMAD AL-BAKR
LYi.019, SAFIA FARKASH AL-BARASSI
QDi.231, SALEM NOR ELDIN AMOHAMED AL-DABSKI
QDi.278, MUTHANNA HARITH AL-DARI
QDi.149, NOUREDDINE BEN ALI BEN BELKASSEM AL-DRISSI
IQi.006, IZZAT IBRAHIM AL-DURI
IQi.068, JAWHAR MAJID AL-DURI
QDi.379, ABD AL-AZIZ ADAY ZIMIN AL-FADHIL
QDi.059, KHALID ABD AL-RAHMAN HAMD AL-FAWAZ
YEi.008, MUHAMMAD ABD AL-KARIM AL-GHAMARI
QDi.292, OTHMAN AHMED OTHMAN AL-GHAMDI
QDi.332, IBRAHIM SULEIMAN HAMAD AL-HABLAIN
QDi.140, KAMAL BEN MAOELDI BEN HASSAN AL-HAMRAOUI
YEi.012, AHMAD AL-HAMZI
QDi.399, BASSAM AHMAD AL-HASRI
YEi.004, ABDULMALIK AL-HOUTHI
QDi.317, ABU MOHAMMED AL-JAWLANI
IQi.020, TAHA YASSIN RAMADAN AL-JIZRAWI
QDi.337, MAYSAR ALI MUSA ABDALLAH AL-JUBURI
QDi.382, SA'D BIN SA'D MUHAMMAD SHARIYAN AL-KA'BI
QDi.318, MUHAMMAD JAMAL ABD-AL RAHIM AHMAD AL-KASHIF
QDi.380, ABD AL-LATIF BIN ABDALLAH SALIH MUHAMMAD AL-KAWARI
IQi.048, MUHSIN KHADR AL-KHAFAJI
QDi.412, UMAR MAHMUD IRHAYYIM AL-KUBAYSI
QDi.177, HABIB BEN AHMED AL-LOUBIRI
QDi.074, TAREK BEN HABIB BEN AL-TOUMI AL-MAAROUFI
YEi.009, YUSUF AL-MADANI
QDi.411, SALIM MUSTAFA MUHAMMAD AL-MANSUR
YEi.011, MOTLAQ AMER AL-MARRANI
IQi.046, SAIF-AL-DIN AL-MASHHADANI
QDi.320, ABD-AL-HAMID AL-MASLI
QDi.330, AZZAM ABDULLAH ZUREIK AL-MAULID AL-SUBHI
QDi.276, AKRAM TURKI HISHAN AL-MAZIDIH
QDi.277, GHAZY FEZZA HISHAN AL-MAZIDIH
IQi.054, KHAMIS SIRHAN AL-MUHAMMAD
QDi.377, MUHANNAD AL-NAJDI
QDi.334, ‘ABD AL-RAHMAN BIN ‘UMAYR AL-NU’AYMI
QDi.273, FAZEEL-A-TUL SHAYKH ABU MOHAMMED AMEEN AL-PESHAWARI
QDi.339, ‘ABD AL-RAHMAN MUHAMMAD MUSTAFA AL-QADULI
QDi.432, ASHRAF AL-QIZANI
IQi.070, NIDAL AL-RABI'I
IQi.030, AYAD FUTAYYIH KHALIFA AL-RAWI
IQi.014, SAIF-AL-DIN FULAYYIH HASSAN TAHA AL-RAWI
QDi.282, QASIM MOHAMED MAHDI AL-RIMI
QDi.369,MU’TASSIM YAHYA ‘ALI AL-RUMAYSH
IQi.032, AMIR HAMUDI HASSAN AL-SA'DI
QDi.415, ADNAN ABOU WALID AL-SAHRAOUI
YEi.010, MANSUR AL-SA’ADI
LYi.018, ABDULLAH AL-SENUSSI
QDi.381, HAMAD AWAD DAHI SARHAN AL-SHAMMARI
QDi.384, ALI MUSA AL-SHAWAKH
QDi.385, HASAN AL-SALAHAYN SALIH AL-SHA’ARI
IQi.027, SULTAN HASHIM AHMAD AL-TA'I
IQi.004, ABID HAMID MAHMUD AL-TIKRITI
IQi.005, ALI HASSAN AL-MAJID AL-TIKRITI
IQi.061, ALI SADDAM HUSSEIN AL-TIKRITI
IQi.011, BARZAN ABD AL-GHAFUR SULAIMAN MAJID AL-TIKRITI
IQi.038, BARZAN IBRAHIM HASSAN AL-TIKRITI
IQi.059, HALA SADDAM HUSSEIN AL-TIKRITI
IQi.017, HAMID RAJA SHALAH AL-TIKRITI
IQi.007, HANI ABD-AL-LATIF TILFAH AL-TIKRITI
IQi.013, IBRAHIM AHMAD ABD AL-SATTAR MUHAMMED AL-TIKRITI
IQi.022, JAMAL MUSTAFA ABDALLAH SULTAN AL-TIKRITI
IQi.012, MUZAHIM SA'B HASSAN AL-TIKRITI
IQi.002, QUSAY SADDAM HUSSEIN AL-TIKRITI
IQi.015, RAFI ABD-AL-LATIF TILFAH AL-TIKRITI
IQi.057, RAGHAD SADDAM HUSSEIN AL-TIKRITI
IQi.058, RANA SADDAM HUSSEIN AL-TIKRITI
IQi.021, RUKAN RAZUKI ABD-AL-GHAFUR SULAIMAN AL-TIKRITI
IQi.055, SA'D ABD-AL-MAJID AL-FAISAL AL-TIKRITI
IQi.036, SAB'AWI IBRAHIM HASSAN AL-TIKRITI
IQi.001, SADDAM HUSSEIN AL-TIKRITI
IQi.016, TAHIR JALIL HABBUSH AL-TIKRITI
IQi.003, UDAY SADDAM HUSSEIN AL-TIKRITI
IQi.026, WALID HAMID TAWFIQ AL-TIKRITI
IQi.037, WATBAN IBRAHIM HASSAN AL-TIKRITI
SOi.003, HASSAN ABDULLAH HERSI AL-TURKI
IQi.051, GHAZI HAMMUD AL-UBAIDI
IQi.044, YAHIA ABDALLAH AL-UBAIDI
IQi.071, INTISSAR AL-UBAYDI
QDi.015, MAHFOUZ OULD AL-WALID
QDi.329, AHMED ABDULLAH SALEH AL-KHAZMARI AL-ZAHRANI
QDi.392, FAYSAL AHMAD BIN ALI AL-ZAHRANI
QDi.401, GHALIB ABDULLAH AL-ZAIDI
QDi.006, AIMAN MUHAMMED RABI AL-ZAWAHIRI
QDi.156, ABD-AL-MAJID AZIZ AL-ZINDANI
IQi.050, UGLA ABID SAKR AL-ZUBAISI
QDi.326, HAMID HAMAD HAMID AL-‘ALI
QDi.335, ‘ABD AL-RAHMAN KHALAF ‘UBAYD JUDAY’ AL-‘ANIZI
QDi.154, SULAIMAN JASSEM SULAIMAN ALI ABO GHAITH
QDi.299, IBRAHIM AWWAD IBRAHIM ALI AL-BADRI AL-SAMARRAI
QDi.296, MATI UR-REHMAN ALI MUHAMMAD
TAi.148, ABDUL HABIB ALIZAI
QDi.370, TARAD MOHAMMAD Alnori Alfares ALJARBA
TAi.143, HAMDULLAH ALLAH NOOR
SDi.002, MUSA HILAL ABDALLA ALNSIEM
QDi.076, ISAM ALI MOHAMED ALOUCHE
QDi.422, MOHAMMED MASOOD AZHAR ALVI
TAi.136, MOHAMMAD SADIQ AMIR MOHAMMAD
QDi.152, SAIFI AMMARI
IQi.039, HUDA SALIH MAHDI AMMASH
SSi.008, PAUL MALONG AWAN ANEI
QDi.216, ABDULLAH ANSHORI
TAi.005, MUHAMMAD TAHER ANWARI
QDi.323, SAID ARIF
QDi.398, RUSTAM MAGOMEDOVICH ASELDEROV
QDi.184, MUHSIN FADHIL AYED ASHOUR AL-FADHLI
QDi.265, HAJI MUHAMMAD ASHRAF
QDi.364,ISLAM SEIT-UMAROVICH ATABIEV
SOi.004, AHMED ABDI AW-MOHAMED
TAi.038, ABDUL BAQI BASIR AWAL SHAH
SOi.002, HASSAN DAHIR AWEYS
QDi.042, HASSAN DAHIR AWEYS
QDi.248, RICARDO PEREZ AYERAS
SOi.019, MAALIM AYMAN
TAi.104, MOHAMMAD RASUL AYYUB
IQi.025, TARIQ AZIZ
QDi.371, ABD AL-BASET AZZOUZ
IQi.069, Sundus Abd Al-Ghafur
LYi.022, Fitiwi Abdelrazak
SOi.017, Abdifatah Abubakar Abdi
LYi.021, Ermias Alem
SOi.016, Ahmad Iman Ali
QDi.404, Muhammad Bahrum Naim Anggih Tamtomo
MLi.001, Ahmoudou Ag Asriw
QDi.305, ABDUL ROSYID RIDHO BA'ASYIR
QDi.217, ABU BAKAR BA'ASYIR
QDi.293, ABDUL RAHIM BA'AYSIR
CDi.001, ERIC BADEGE
QDi.080, SAID BAHAJI
QDi.266, MAHMOUD MOHAMMAD AHMED BAHAZIQ
IRi.009, BAHMANYAR MORTEZA BAHMANYAR
CDi.036, SEKA BALUKU
QDi.311, AYYUB BASHIR
QDi.055, MAHMOOD SULTAN BASHIR-UD-DIN
QDi.345, TARKHAN TAYUMURAZOVICH BATIRASHVILI
QDi.279, MOHAMED BELKALEM
QDi.136, MOKHTAR BELMOKHTAR
QDi.375, BOUBAKER BEN HABIB BEN AL-HAKIM
MLi.006, MAHRI SIDI AMAR BEN DAHA
QDi.355, SOFIANE BEN GOUMO
QDi.333, SEIFALLAH BEN OMAR BEN MOHAMED BEN HASSINE
QDi.386, MOUNIR BEN DHAOU BEN BRAHIM BEN HELAL
QDi.388, SALIM BENGHALEM
QDi.307, HAFIZ ABDUL SALAM BHUTTAVI
QDi.421, HAMZA USAMA MUHAMMAD BIN LADEN
QDi.009, BILAL BIN MARWAN
QDi.417, MOHAMAD RAFI BIN UDIN
QDi.081, RAMZI MOHAMED ABDULLAH BINALSHIBH
KPi.016,JANG BOM SU
KPi.073, PAK BONG NAM
QDi.188, FAYCAL BOUGHANEMI
QDi.058, BOUBEKEUR BOULGHITI
QDi.143, HAMADI BEN ABDUL AZIZ BEN ALI BOUYEHIA
CFi.001, FRANÇOIS YANGOUVONDA BOZIZÉ
CDi.002, FRANK KAKOLELE BWAMBALE
KPi.047,MIN BYONG CHOL
QDi.396, ASLAN AVGAZAROVICH BYUTUKAEV
LYi.028, Salah Badi
QDi.405, Malik Ruslanovich Barkhanoev
SOi.001, Yasin Ali Bayh
GBi.001, IBRAIMA CAMARÁ
KPi.011, KO CH'O'L-CHAE
KPi.006, PAEK CHANG-HO
QDi.365, AKHMED RAJAPOVICH CHATAEV
QDi.312, AAMIR ALI CHAUDHRY
QDi.070, YASSINE CHEKKOURI
QDi.376, PETER CHERIF
KPi.010, YO'N CHO'NG NAM
KPi.012, MUN CHO'NG-CH'O'L
KPi.069, KO CHOL MAN
KPi.044, KIM CHOL NAM
KPi.058, JO CHOL SONG
KPi.059, KANG CHOL SU
KPi.028,YU CHOL U
QDi.419, ANJEM CHOUDARY
QDi.300, MONIR CHOUKA
QDi.301, YASSIN CHOUKA
KPi.074, RI CHUN HWAN
KPi.075, RI CHUN SONG
KPi.054, CHOE CHUN YONG
KPi.013,CHOE CHUN-SIK
SSi.003, JAMES KOANG CHUOL
QDi.141, MAXAMED CABDULLAAH CIISE
QDi.410, SHANE DOMINIC CRAWFORD
QDi.331, ANDERS CAMEROON OSTENSVIG DALE
GBi.003, CRANHA DANFA
CFi.015, ALI DARASSA
IRi.012, AHMAD VAHID DASTJERDI
QDi.245, PIO ABOGNE DE VERA
QDi.252, AHMED DEGHDEGH
TAi.113, SHAHABUDDIN DELAWAR
QDi.246, REDENDO CAIN DELLOSA
QDi.243, FELICIANO SEMBORIO DELOS REYES JR.
IRi.013, AHMAD DERAKHSHANDEH
QDi.342, OUMAR DIABY
LYi.002, ABDULQADER YUSEF DIBRI
SOi.014, AHMED DIRIYE
GBi.004, IDRISSA DJALÓ
QDi.167, KAMEL DJERMANE
QDi.249, YAHIA DJOUADI
LYi.006, ABU ZAYD UMAR DORDA
TAi.092, DOST MOHAMMAD
TAi.019, NIK MOHAMMAD DOST MOHAMMAD
QDi.232, ABDELMALEK DROUKDEL
SSi.002, SIMON GATWECH DUAL
QDi.095, LIONEL DUMONT
QDi.111, AGUS DWIKARNA
QDi.019, ABDULLAH AHMED ABDULLAH EL ALFI
QDi.142, RADI ABD EL SAMIE ABOU EL YAZID EL AYASHI
QDi.262, REDOUANE EL HABHAB
QDi.082, MOUNIR EL MOTASSADEQ
QDi.065, ABD EL KADER MAHMOUD MOHAMED EL SAYED
QDi.409, ELSHAFEE EL SHEIKH
SDi.001, GAFFAR MOHAMMED ELHASSAN
TAi.063, MOHAMMAD AZAM ELMI
QDi.064, SAMI BEN KHAMIS BEN SALEH ELSSEID
IRi.014, MOHAMMAD ESLAMI
IRi.015, REZA-GHOLI ESMAELI
QDi.096, MOUSSA BEN OMAR BEN ALI ESSAADI
QDi.083, ZAKARYA ESSABAR
TAi.036, FAIZ
IRi.016, MOHSEN FAKHRIZADEH-MAHABADI
TAi.106, MOHAMMAD SHAFIQULLAH AHMADI FATIH KHAN
QDi.352, MAULANA FAZLULLAH
SSi.006, PETER GADET
QDi.251, SALAH EDDINE GASMI
CFi.007, HAROUN GAYE
QDi.366, TARKHAN ISMAILOVICH GAZIEV
QDi.431, SANAULLAH GHAFARI
QDi.028, AHMED KHALFAN GHAILANI
IQi.045, NAYIF SHINDAKH THAMIR GHALIB
IQi.047, FADIL MAHMUD GHARIB
TAi.030, AREFULLAH AREF GHAZI MOHAMMAD
QDi.250, AMOR MOHAMED GHEDEIR
TAi.004, MOHAMMED OMAR GHULAM NABI
QDi.367, ZAURBEK SALIMOVICH GUCHAEV
QDi.341, KEVIN JORDAN AXEL GUIAVARCH
TAi.161, BAKHT GUL
QDi.218, GUN GUN RUSMAN GUNAWAN
TAi.069, RUSTUM HANAFI HABIBULLAH
IQi.023, MIZBAN KHADR HADI
TAi.140, GUL AHMAD HAKIMI
QDi.003, SALIM AHMAD SALIM HAMDAN
QDi.068, ADEL BEN AL-AZHAR BEN YOUSSEF HAMDI
SOi.010, OMAR HAMMAMI
KPi.049,PAK HAN SE
TAi.043, DIN MOHAMMAD HANIF
QDi.204, ISNILON TOTONI HAPILON
QDi.268, ABDUL HAQ
TAi.040, JALALUDDIN HAQQANI
TAi.150, KHALIL AHMED HAQQANI
TAi.079, MOHAMMAD SALIM HAQQANI
TAi.146, NASIRUDDIN HAQQANI
TAi.006, SAYYED MOHAMMED HAQQANI
TAi.144, SIRAJUDDIN JALLALOUDINE HAQQANI
TAi.169, YAHYA HAQQANI
IQi.064, ALI BARZAN IBRAHIM HASAN AL-TIKRITI
IQi.083, AYMAN SABAWI IBRAHIM HASAN AL-TIKRITI
IQi.085, BASHAR SABAWI IBRAHIM HASAN AL-TIKRITI
IQi.084, IBRAHIM SABAWI IBRAHIM HASAN AL-TIKRITI
IQi.066, KHAWLA BARZAN IBRAHIM HASAN AL-TIKRITI
IQi.062, MOHAMMAD BARZAN IBRAHIM HASAN AL-TIKRITI
IQi.065, NOOR BARZAN IBRAHIM HASAN AL-TIKRITI
IQi.082, OMAR SABAWI IBRAHIM HASAN AL-TIKRITI
IQi.063, SAJA BARZAN IBRAHIM HASAN AL-TIKRITI
IQi.086, SA’D SABAWI IBRAHIM HASAN AL-TIKRITI
IQi.067, THORAYA BARZAN IBRAHIM HASAN AL-TIKRITI
IQi.081, YASIR SABAWI IBRAHIM HASAN AL-TIKRITI
QDi.378, MAXIME HAUCHARD
IRi.017, MOHAMMAD HEJAZI
TAi.014, HIDAYATULLAH
TAi.071, NAJIBULLAH HAQQANI HIDAYATULLAH
QDi.029, RAED MUHAMMAD HASAN MUHAMMAD HIJAZI
CFi.012,ABDOULAYE HISSENE
KPi.001, YUN HO-JIN
IRi.018, MOHSEN HOJATI
KPi.004, RI HONG-SOP
TAi.049, ABDUL RAHMAN AHMAD HOTTAK
QDi.359, OMAR ALI HUSSAIN
QDi.144, MOHAMMAD TAHIR HAMMID HUSSEIN
IQi.019, ABD-AL-TAWWAB MULLAH HUWAYSH
KPi.042, CHOE HWI
KPi.065, CHU HYO’K
QDi.067, MOSTAFA KAMEL MOSTAFA IBRAHIM
QDi.395, MUHAMMAD SHOLEH IBRAHIM
TAi.119, JAN MOHAMMAD MADANI IKRAM
KPi.029, PAK CHUN IL
KPi.040, CHO IL U
QDi.374, NUSRET IMAMOVIC
GBi.005, ANTÓNIO INJAI
QDi.308, ZAFAR IQBAL
QDi.087, NURJAMAN RIDUAN ISAMUDDIN
TAi.147, GUL AGHA ISHAKZAI
QDi.368, SHAMIL MAGOMEDOVICH ISMAILOV
CDi.003, GASTON IYAMUREMYE
LYi.029, Osama Al Kuni Ibrahim
KPi.062, Pak Il Kyu
KPi.070, KU JA HYONG
LYi.007, ABU BAKR YUNIS JABIR
KPi.051,RI JAE IL
TAi.047, QUDRATULLAH JAMAL
TAi.170, SAIDULLAH JAN
KPi.055, HAN JANG SU
KPi.002, RI JE-SON
KPi.027,RYU JIN
QDi.360, SALLY-ANNE FRANCES JONES
KPi.066, KIM JONG SIK
QDi.394, HUSAYN JUAYTHINI
QDi.114, SALIM Y SALAMUDDIN JULKIPLI
KPi.021, KIM JUNG JONG
LYi.027, Ibrahim Saeed Salim Jadhran
CDi.004, INNOCENT KAINA
TAi.137, RAHMATULLAH KAKAZADA
CDi.005, JÉRÔME KAKWAVU BUKANDE
QDi.072, MEHDI BEN MOHAMED BEN MOHAMED KAMMOUN
CDi.035,GÉDÉON KYUNGU MUTANGA WA BAFUNKWA KANONGA
QDi.416, MOHAMMED YUSIP KARIM
QDi.135, DAWOOD IBRAHIM KASKAR
CDi.006, GERMAIN KATANGA
IRi.020, MEHRDADA AKHLAGHI KETABACHI
TAi.025, ABDUL RAUF KHADEM
TAi.093, KHAIRULLAH KHAIRKHWAH
SOi.005, FUAD MOHAMED KHALAF
QDi.372, GULMUROD KHALIMOV
QDi.306, MUSTAFA HAJJI MUHAMMAD KHAN
TAi.064, EZATULLAH HAQQANI KHAN SAYYID
QDi.336, ANAS HASAN KHATTAB
TAi.163, KHAIRULLAH BARAKZAI KHUDAI NAZAR
TAi.165, MOHAMMED QASIM MIR WALI KHUDAI RAHIM
TAi.013, MOHAMMAD NAIM BARICH KHUDAIDAD
QDi.418, MUHAMMED REZA LAHAMAN KIRAM
QDi.340, EMILIE EDWIGE KONIG
CFi.010, ALI KONY
CFi.009, JOSEPH KONY
CFi.011, SALIM KONY
QDi.408, ALEXANDA AMON KOTEY
QDi.425, AMADOU KOUFA
CFi.013, MARTIN KOUMTAMADJI
KPi.015,HYON KWANG IL
KPi.009, KIM KWANG-IL
KPi.008, RA KY'ONG-SU
KPi.071, MUN KYONG HWAN
KPi.067, KIM KYONG IL
KPi.045, KIM KYONG OK
KPi.022,KIM KYU
LYi.025, Mohammed Al Amin Al-Arabi Kashlaf
IQi.049, Rashid Taan Kathim
QDi.383, MORAD LAABOUDI
QDi.190, ABDELKADER LAAGOUB
QDi.319, MOHAMED LAHBOUS
QDi.062, MOHAMED LAKHAL
QDi.264, ZAKI-UR-REHMAN LAKHVI
TAi.053, ABDUL RAZAQ AKHUND LALA AKHUND
QDi.247," RUBEN PESTANO LAVILLA, JR"
QDi.155, DJAMEL LOUNICI
CDi.007, THOMAS LUBANGA
IQi.024, TAHA MUHYI-AL-DIN MA'RUF
QDi.413, MYRNA AJIJUL MABANZA
TAi.102, ZIA-UR-RAHMAN MADANI
SOi.006, BASHIR MOHAMED MAHAMOUD
IQi.052, ADIL ABDALLAH MAHDI
QDi.356, AQSA MAHMOOD
MLi.007, MOHAMED BEN AHMED MAHRI
CDi.008, SULTANI MAKENGA
SSi.001, GABRIEL JOK RIAK MAKOL
IRi.022, NASER MALEKI
KPi.026, RI MAN GON
SOi.008, FARES MOHAMMED MANA'A
CDi.009, KHAWA PANGA MANDRO
SSi.005, MARIAL CHANUONG YOL MANGOK
TAi.007, ABDUL LATIF MANSUR
MLi.008, MOHAMED OULD MATALY
TAi.068, MOHAMMADULLAH MATI
TAi.021, ALLAH DAD MATIN
TAi.020, MATIULLAH
LYi.008, MATUQ MOHAMMED MATUQ
QDi.423, ALI MAYCHOU
SDi.004, JIBRIL ABDULKARIM IBRAHIM MAYU
TAi.135, ABDUL QUDDUS MAZHARI
TAi.023, FAZL MOHAMMAD MAZLOOM
CDi.010, CALLIXTE MBARUSHIMANA
TAi.078, MOHAMMAD WALI MOHAMMAD EWAZ
TAi.122, ABDUL MANAN MOHAMMAD ISHAK
TAi.003, ABDUL KABIR MOHAMMAD JAN
TAi.141, ABDULLAH HAMAD MOHAMMAD KARIM
TAi.126, MOHAMMAD SARWAR SIDDIQMAL MOHAMMAD MASOOD
TAi.052, MOHAMMAD YAQOUB
TAi.099, MOHAMMAD SHAFIQ MOHAMMADI
SOi.011, ABOUD ROGO MOHAMMED
QDi.126, YUNOS UMPARA MOKLIS
QDi.147, MOHAMED AMIN MOSTAFA
TAi.026, AMIR KHAN MOTAQI
TAi.051, ABDULHAI MOTMAEN
QDi.129, DJAMEL MOUSTFA
CDi.011, IRUTA DOUGLAS MPAMO
QDi.238, MUBARAK MUSHAKHAS SANAD MUBARAK AL-BATHALI
CDi.012, SYLVESTRE MUDACUMURA
CDi.013, LEODOMIR MUGARAGU
TAi.016, ALLAH DAD TAYEB WALI MUHAMMAD
TAi.132, NAJIBULLAH MUHAMMAD JUMA
TAi.073, MOHAMMAD MOSLIM HAQQANI MUHAMMADI GUL
QDi.272, MOHAMMED YAHYA MUJAHID
CDi.014, LEOPOLD MUJYAMBERE
CDi.015, JAMIL MUKULU
KPi.060, KIM MUN CHOL
KPi.079, PAK MUN IL
KPi.019,KANG MUN KIL
QDi.119, ARIS MUNANDAR
CDi.032,MUHINDO AKILI MUNDOS
QDi.120, ABDUL HAKIM MURAD
CDi.016, IGNACE MURWANASHYAKA
CDi.017, STRATON MUSONI
QDi.196, ALI SAYYID MUHAMED MUSTAFA BAKRI
CDi.018, JULES MUTEBUTSI
QDi.357, ASEEL MUTHANA
QDi.358,NASSER AHMED MUTHANA
CDi.033,GUIDON SHIMIRAY MWISSA
KPi.018,JON MYONG GUK
KPi.007, CHANG MYONG-CHIN
QDi.406, Murad Iraklievich Margoshvili
QDi.427, Noor Wali Mehsud
MLi.003, Mohamed Ousmane Ag Mohamedoune
GBi.006, TCHIPA NA BIDON
GBi.007, TCHAM NA MAN
GBi.008, ESTÊVÃO NA MENA
QDi.280, TAYEB NAIL
KPi.061, KIM NAM UNG
IRi.026, MOHAMMAD REZA NAQDI
GBi.009, DABA NAUALNA
IRi.027, MOHAMMAD MEHDI NEJAD NOURI
CDi.019, BAUDOIN NGARUYE WA MYAMURO
CFi.008, EUGÈNE BARRET NGAÏKOSSET
CDi.020," MATHIEU, CHUI NGUDJOLO"
GBi.010, JÚLIO NHATE
CDi.021, FLORIBERT NGABU NJABU
CDi.022, LAURENT NKUNDA
TAi.044, HAMDULLAH NOMANI
TAi.138, MOHAMMAD ALEEM NOORANI
TAi.173, ABDUL BASIR NOORZAI
TAi.154, MALIK NOORZAI
CDi.023, FELICIEN NSANZUBUKIRE
CDi.024, PACIFIQUE NTAWUNGUKA
TAi.089, NURULLAH NURI
CDi.025, JAMES NYAKUNI
TAi.097, ABDUL MANAN NYAZI
CDi.034, LUCIEN NZAMBAMWITA
CDi.026, STANISLAS NZEYIMANA
TAi.166, AHMED SHAH NOORZAI OBAIDULLAH
SOi.009, HASSAN MAHAT OMAR
TAi.088, ABDUL JABBAR OMARI
TAi.042, MOHAMMAD IBRAHIM OMARI
QDi.314, ABDERRAHMANE OULD EL AMAR
QDi.315, HAMADA OULD MOHAMED EL KHAIRY
QDi.298, ABD AL-RAHMAN OULD MUHAMMAD AL-HUSAYN OULD MUHAMMAD
QDi.353, ALI BEN TAHER BEN FALEH OUNI HARZI
QDi.354, TARAK BEN TAHER BEN FALEH OUNI HARZI
CDi.027, DIEUDONNÉ OZIA MAZIO
LYi.024, Mus’ab Mustafa Abu al Qassim Omar
TAi.067, SHER MOHAMMAD ABBAS STANEKZAI PADSHAH KHAN
QDi.242, DINNO AMOR ROSALEJOS PAREJA
QDi.294, UMAR PATEK
QDi.348, ANGGA DIMAS PERSHADA
KPi.076, RI PYONG CHUL
LYi.003, SAYYID MOHAMMED QADHAF AL-DAM
LYi.009, AISHA MUAMMAR MUHAMMED ABU MINYAR QADHAFI
LYi.010, HANNIBAL MUAMMAR QADHAFI
LYi.011, KHAMIS MUAMMAR QADHAFI
LYi.012, MOHAMMED MUAMMAR QADHAFI
LYi.013, MUAMMAR MOHAMMED ABU MINYAR QADHAFI
LYi.014, MUTASSIM QADHAFI
LYi.015, SAADI QADHAFI
LYi.016, SAIF AL-ARAB QADHAFI
LYi.017, SAIF AL-ISLAM QADHAFI
TAi.058, NOORUDDIN TURABI MUHAMMAD QASIM
QDi.271, ARIF QASMANI
TAi.107, AMINULLAH AMIN QUDDUS
TAi.027, ABDUL SALAM HANAFI ALI MARDAN QUL
TAi.157, FAZL RABI
SOi.021, ALI MOHAMED RAGE
QDi.303, FAZAL RAHIM
TAi.015, YAR MOHAMMAD RAHIMI
TAi.096, MOHAMMAD HASAN RAHMANI
QDi.075, ABDELHALIM HAFED ABDELFATTAH REMADNA
SSi.007, MALEK REUBEN RIAK RENGU
TAi.084, HABIBULLAH RESHAD
IRi.033, MORTEZA REZAIE
QDi.219, TAUFIK RIFKI
QDi.407, OMAN ROCHMAN
QDi.150, AL-AZHAR BEN KHALIFA BEN AHMED ROUINE
CDi.028, JEAN-MARIE LUGERERO RUNIGA
QDi.186, ABU RUSDAN
KPi.020, KANG RYONG
MLi.002, Mahamadou Ag Rhissa
QDi.403, FARED SAAL
QDi.002, AMIN MUHAMMAD UL HAQ SAAM KHAN
QDi.020, MOHAMMAD HAMDI MOHAMMAD SADIQ AL-AHDAL
QDi.263, HAFIZ MUHAMMAD SAEED
IRi.035, MORTEZA SAFARI
IRi.036, YAHYA RAHIM SAFAVI
QDi.208, RADULAN SAHIRON
QDi.222, NESSIM BEN ROMDHANE SAHRAOUI
YEi.005, AHMED ALI ABDULLAH SALEH
YEi.003, ALI ABDULLAH SALEH
QDi.387, MOHAMMED ABDEL-HALIM HEMAIDA SALEH
TAi.108, ABDULHAI SALEK
IRi.038, HOSEIN SALIMI
SOi.013, MAALIM SALMAN
QDi.244, HILARION DEL ROSARIO SANTOS
QDi.350, WIJI JOKO SANTOSO
TAi.110, NOOR MOHAMMAD SAQIB
TAi.087, SADUDDIN SAYYED
KPi.048,PAEK SE BONG
TAi.133, ABDUL WALI SEDDIQI
TAi.098, ABDUL WAHED SHAFIQ
TAi.011, AKHTAR MOHAMMAD MANSOUR SHAH MOHAMMED
TAi.172, RAHMATULLAH SHAH NAWAZ
IQi.060, SAMIRA SHAHBANDAR
TAi.028, SAID AHMED SHAHIDKHEL
TAi.103, SHAMSUDDIN
CDi.029, NTABO NTABERI SHEKA
QDi.322, ABUBAKAR MOHAMMED SHEKAU
TAi.118, HAMIDULLAH AKHUND SHER MOHAMMAD
QDi.017, THARWAT SALAH SHIHATA
TAi.139, ABDUL GHAFAR SHINWARI
QDi.122, PARLINDUNGAN SIREGAR
IQi.079, ROODI SLEWA
KPi.003, HWANG SOK-HWA
IRi.039, QASEM SOLEIMANI
KPi.056, JANG SONG CHOL
KPi.077, RI SONG HYOK
KPi.014,CHOE SONG IL
CFi.014, BI SIDI SOULEMAN
CFi.005, HABIB SOUSSOU
KPi.064, CH'OE SO’K MIN
KPi.052,RI SU YONG
QDi.124, YAZID SUFAAT
QDi.349, BAMBANG SUKIRNO
QDi.187, ARIS SUMARSONO
TAi.111, HAMDULLAH SUNANI
KPi.057, JANG SUNG NAM
QDi.123, YASSIN SYAWAL
IRi.041, ALI AKBAR TABATABAEI
KPi.025,KO TAE HUN
CDi.030, BOSCO TAGANDA
TAi.075, ABDUL RAQIB TAKHARI
QDi.057, IBRAHIM ALI ABU BAKR TANTOUSH
IQi.056, SAJIDA KHAYRALLAH TILFAH
KPi.050,PAK TO CHUN
TAi.168, QARI SAIFULLAH TOKHI
KPi.068, KIM TONG CHOL
KPi.023, KIM TONG MY’ONG
KPi.046,KIM TONG-HO
QDi.241, ANGELO RAMIREZ TRINIDAD
QDi.056, MOHAMMED TUFAIL
GBi.011, MAMADU TURE
QDi.290, DOKU KHAMATOVICH UMAROV
QDi.031, OMAR MAHMOUD UTHMAN
KPi.078, RI U’N SO’NG
QDi.397,AYRAT NASIMOVICH VAKHITOV
TAi.034, ABDUL JALIL HAQQANI WALI MOHAMMAD
TAi.070, ATIQULLAH WALI MOHAMMAD
TAi.095, WALIJAN
TAi.129, NAZIRULLAH HANAFI WALIULLAH
TAi.082, ABDUL-HAQ WASSIQ
TAi.085, AHMED JAN AKHUNDZADA WAZIR
TAi.039, MOHAMMAD JAWAD WAZIRI
SSi.004, SANTINO DENG WOL
KPi.072, PAE WON UK
TAi.022, UBAIDULLAH AKHUND YAR MOHAMMAD AKHUND
QDi.037, ABDUL RAHMAN YASIN
CFi.004, ALFRED YEKATOM
QDi.261, ADEM YILMAZ
KPi.041, CHO YON CHUN
KPi.024, KIM YONG CHOL
KPi.053, RI YONG MU
KPi.063,PAK YONG SIK
KPi.017,JANG YONG SON
KPi.043, JO YONG-WON
CFi.006, OUMAR YOUNOUS ABDOULAY
KPi.005, HAN YU-RO
KPi.080, TSANG YUNG YUAN
QDi.198, HANI AL-SAYYID AL-SEBAI YUSIF
YEi.006, SULTAN SALEH AIDA AIDA ZABIN
TAi.171, MUHAMMAD OMAR ZADRAN
TAi.033, ABDUL RAHMAN ZAHED
IRi.042, MOHAMMAD REZA ZAHEDI
TAi.127, MOHAMMAD ZAHID
TAi.164, ABDUL RAUF ZAKIR
QDi.139, IMED BEN MEKKI ZARKAOUI
QDi.428, JAMAL HUSSEIN HASSAN ZEINIYE
QDi.001, MOHAMMED SALAHALDIN ABD EL HALIM ZIDANE
CDi.031, INNOCENT ZIMURINDA
LYi.020, ABDELHAFIZ ZLITNI
QDi.223, MERAI ABDEFATTAH KHALIL ZOGHBI
IRi.043, MOHAMMAD BAQER ZOLQADR
IQi.009, MUHAMMAD HAMZA ZUBAIDI
LYi.023, Ahmad Oumar Imhamad al-Fitouri
LYi.026, Abd Al-Rahman al-Milad
QDi.426, Amir Muhammad Sa’id Abdal-Rahman al-Salbi
TAi.153, FAIZULLAH KHAN NOORZAI
QDi.289, SAID JAN ‘ABD AL-SALAM
KPe.053, PROPAGANDA AND AGITATION DEPARTMENT (PAD)
IRe.001, 7TH OF TIR
QDe.144, ABDALLAH AZZAM BRIGADES (AAB)
QDe.001, ABU SAYYAF GROUP
IRe.002, ABZAR BORESH KAVEH CO. (BK CO.)
KPe.021, ACADEMY OF NATIONAL DEFENSE SCIENCE
CDe.001, ADF
QDe.069, AFGHAN SUPPORT COMMITTEE (ASC)
QDe.107, AL FURQAN
QDe.139, AL MOUAKAOUNE BIDDAM
QDe.140, AL MOULATHAMOUN
QDe.141, AL MOURABITOUN
QDe.005, AL RASHID TRUST
IQe.197, AL WASEL AND BABEL GENERAL TRADING LLC
QDe.121, AL-AKHTAR TRUST INTERNATIONAL
IQe.204," AL-BASHAIR TRADING COMPANY, LTD"
QDe.109, AL-HARAMAIN & AL MASJED AL-AQSA CHARITY FOUNDATION
QDe.104, AL-HARAMAIN FOUNDATION (PAKISTAN)
QDe.116, AL-HARAMAIN FOUNDATION (UNION OF THE COMOROS)
QDe.110, AL-HARAMAIN AFGHANISTAN BRANCH
QDe.111, AL-HARAMAIN ALBANIA BRANCH
QDe.112, AL-HARAMAIN BANGLADESH BRANCH
QDe.113, AL-HARAMAIN ETHIOPIA BRANCH
QDe.114, AL-HARAMAIN THE NETHERLANDS BRANCH
QDe.105, AL-HARAMAYN FOUNDATION (KENYA)
QDe.106, AL-HARAMAYN FOUNDATION (TANZANIA)
QDe.002, AL-ITIHAAD AL-ISLAMIYA / AIAI
QDe.157, AL-KAWTHAR MONEY EXCHANGE
QDe.137, AL-NUSRAH FRONT FOR THE PEOPLE OF THE LEVANT
QDe.004, AL-QAIDA
QDe.115, AL-QAIDA IN IRAQ
QDe.129, AL-QAIDA IN THE ARABIAN PENINSULA (AQAP)
SOe.001, AL-SHABAAB
IQe.206, ALFA COMPANY LIMITED FOR INTERNATIONAL TRADING AND MARKETING
IRe.003, AMIN INDUSTRIAL COMPLEX
IRe.004, AMMUNITION AND METALLURGY INDUSTRIES GROUP (AMIG)
KPe.009, AMROGGANG DEVELOPMENT BANKING CORPORATION
QDe.146, ANSAR AL CHARIA BENGHAZI
QDe.145, ANSAR AL CHARIA DERNA
QDe.098, ANSAR AL-ISLAM
QDe.143, ANSAR AL-SHARI’A IN TUNISIA (AAS-T)
QDe.135, ANSAR EDDINE
QDe.142, ANSARUL MUSLIMINA FI BILADIS SUDAN
IRe.005, ARMAMENT INDUSTRIES GROUP (AIG)
QDe.006, ARMED ISLAMIC GROUP
QDe.007, ASBAT AL-ANSAR
IQe.199, AVIATRANS ANSTALT
IQe.203, Al-ARABI TRADING COMPANY
KPe.013, BANK OF EAST LAND
IRe.008, BARZAGANI TEJARAT TAVANMAD SACCAL COMPANIES
IRe.009, BEHINEH TRADING CO.
QDe.093, BENEVOLENCE INTERNATIONAL FOUNDATION
CDe.002, BUTEMBO AIRLINES (BAL)
KPe.051, CENTRAL MILITARY COMMISSION OF THE WORKERS’ PARTY OF KOREA
KPe.055, CHANG AN SHIPPING & TECHNOLOGY
KPe.022, CHONGCHONGANG SHIPPING COMPANY
KPe.056, CHONMYONG SHIPPING CO
CDe.003, COMPAGNIE AERIENNE DES GRANDS LACS (CAGL) ; GREAT LAKES BUSINESS
CDe.004, CONGOMET TRADING HOUSE
IRe.010, CRUISE MISSILE INDUSTRY GROUP
KPe.023, DAEDONG CREDIT BANK (DCB)
KPe.040, DCB FINANCE LIMITED
IRe.011, DEFENCE INDUSTRIES ORGANISATION (DIO)
IRe.012, DEFENSE TECHNOLOGY AND SCIENCE RESEARCH CENTER (DTSRC)
IRe.013, DOOSTAN INTERNATIONAL COMPANY (DICO)
QDe.088, EASTERN TURKISTAN ISLAMIC MOVEMENT (ETIM)
QDe.003, EGYPTIAN ISLAMIC JIHAD
IRe.014, ELECTRO SANAM COMPANY
QDe.131, EMARAT KAVKAZ
IRe.016, ETTEHAD TECHNICAL GROUP
IRe.017, FAJR INDUSTRIAL GROUP
IRe.018, FARASAKHT INDUSTRIES
IRe.019, FARAYAND TECHNIQUE
IRe.020, FATER INSTITUTE
KPe.057, FIRST OIL JV CO LTD
CDe.005, FORCES DEMOCRATIQUES DE LIBERATION DU RWANDA (FDLR)
KPe.047, FOREIGN TRADE BANK (FTB)
KPe.007, GENERAL BUREAU OF ATOMIC ENERGY (GBAE)
IRe.022, GHARAGAHE SAZANDEGI GHAEM
IRe.023, GHORB KARBALA
IRe.024, GHORB NOOH
QDe.091, GLOBAL RELIEF FOUNDATION (GRF)
KPe.010, GREEN PINE ASSOCIATED CORPORATION
TAe.014, HAJI BASIR AND ZARJMIL COMPANY HAWALA
TAe.010, HAJI KHAIRULLAH HAJI SATTAR MONEY EXCHANGE
QDe.153," HANIFA MONEY EXCHANGE OFFICE (BRANCH LOCATED IN ALBU KAMAL,"
KPe.058, HAPJANGGANG SHIPPING CORP
TAe.012, HAQQANI NETWORK (HQN)
IRe.025, HARA COMPANY
QDe.149, HARAKAT SHAM AL-ISLAM
QDe.008, HARAKAT UL-MUJAHIDIN / HUM
QDe.130, HARAKAT-UL JIHAD ISLAMI
KPe.024, HESONG TRADING COMPANY
QDe.147, HILAL AHMAR SOCIETY INDONESIA (HASI)
KPe.005, HONG KONG ELECTRONICS
KPe.059, HUAXIN SHIPPING HONGKONG LTD
IQe.049, IDLEB COMPANY FOR SPINNING
KPe.034, ILSIM INTERNATIONAL BANK
IRe.026, IMENSAZAN CONSULTANT ENGINEERS INSTITUTE
IRe.027, INDUSTRIAL FACTORIES OF PRECISION (IFP) MACHINERY
QDe.009, ISLAMIC ARMY OF ADEN
QDe.099, ISLAMIC INTERNATIONAL BRIGADE (IIB)
QDe.119, ISLAMIC JIHAD GROUP
QDe.010, ISLAMIC MOVEMENT OF UZBEKISTAN
QDe.161, ISLAMIC STATE IN IRAQ AND THE LEVANT - KHORASAN (ISIL-K)
QDe.165, ISLAMIC STATE IN IRAQ AND THE LEVANT - LIBYA
QDe.166, ISLAMIC STATE IN IRAQ AND THE LEVANT - YEMEN
QDe.163, ISLAMIC STATE IN THE GREATER SAHARA (ISGS)
QDe.162, ISLAMIC STATE WEST AFRICA PROVINCE (ISWAP)
QDe.019, JAISH-I-MOHAMMED
QDe.020, JAM'YAH TA'AWUN AL-ISLAMIA
QDe.159, JAMA'A NUSRAT UL-ISLAM WA AL-MUSLIMIN (JNIM)
QDe.138, JAMA'ATU AHLIS SUNNA LIDDA'AWATI WAL-JIHAD
QDe.164, JAMAAH ANSHARUT DAULAH
QDe.152, JAMAAT-UL-AHRAR (JuA)
QDe.092, JEMAAH ISLAMIYAH
QDe.133, JEMMAH ANSHORUT TAUHID (JAT)
IRe.031, JOZA INDUSTRIAL CO.
QDe.156, JUND AL AQSA
QDe.151, JUND AL-KHILAFAH IN ALGERIA (JAK-A)
QDe.167, JUND AL-KHILAFAH IN TUNISIA (JAK-T)
QDe.155, Jaysh Khalid Ibn al Waleed
IRe.032, KALA-ELECTRIC
KPe.043, KANGBONG TRADING CORPORATION
IRe.034, KAVEH CUTTING TOOLS COMPANY
IRe.036, KHATAM AL-ANBIYA CONSTRUCTION HEADQUARTERS (KAA)
QDe.168, KHATIBA AL-TAWHID WAL-JIHAD (KTJ)
QDe.158, KHATIBA IMAM AL-BUKHARI (KIB)
IRe.037, KHORASAN METALLURGY INDUSTRIES
KPe.060," KINGLY WON INTERNATIONAL CO., LTD"
KPe.061, KOREA ACHIM SHIPPING CO
KPe.062, KOREA ANSAN SHIPPING COMPANY
KPe.019, KOREA COMPLEX EQUIPMENT IMPORT CORPORATION
KPe.035, KOREA DAESONG BANK
KPe.042, KOREA DAESONG GENERAL TRADING CORPORATION
KPe.037, KOREA FOREIGN TECHNICAL TRADE CENTER
KPe.011, KOREA HEUNGJIN TRADING COMPANY
KPe.006, KOREA HYOKSIN TRADING CORPORATION
KPe.039, KOREA INTERNATIONAL CHEMICAL JOINT VENTURE COMPANY
KPe.014, KOREA KUMRYONG TRADING CORPORATION
KPe.044, KOREA KUMSAN TRADING CORPORATION
KPe.025, KOREA KWANGSON BANKING CORPORATION (KKBC)
KPe.026, KOREA KWANGSONG TRADING CORPORATION
KPe.001, KOREA MINING DEVELOPMENT TRADING CORPORATION
KPe.063, KOREA MYONGDOK SHIPPING CO
KPe.038, KOREA PUGANG TRADING CORPORATION
KPe.002, KOREA RYONBONG GENERAL CORPORATION
KPe.016, KOREA RYONHA MACHINERY JOINT VENTURE CORPORATION
KPe.064, KOREA SAMJONG SHIPPING
KPe.065, KOREA SAMMA SHIPPING CO
KPe.041, KOREA TAESONG TRADING COMPANY
KPe.033, KOREA UNITED DEVELOPMENT BANK
KPe.066, KOREA YUJONG SHIPPING CO LTD
KPe.012, KOREAN COMMITTEE FOR SPACE TECHNOLOGY
KPe.048, KOREAN NATIONAL INSURANCE COMPANY (KNIC)
KPe.008, KOREAN TANGUN TRADING CORPORATION
KPe.045, KORYO BANK
KPe.049, KORYO CREDIT DEVELOPMENT BANK
KPe.067, KOTI CORP
QDe.096, LASHKAR I JHANGVI (LJ)
QDe.118, LASHKAR-E-TAYYIBA
KPe.017, LEADER (HONG KONG) INTERNATIONAL
LYe.002, LIBYAN AFRICA INVESTMENT PORTFOLIO
LYe.001, LIBYAN INVESTMENT AUTHORITY
QDe.011, LIBYAN ISLAMIC FIGHTING GROUP
IQe.200, LOGARCHEO S.A.
CFe.002, LORD’S RESISTANCE ARMY
IRe.038, M. BABAIE INDUSTRIES
CDe.006, M23
CDe.007, MACHANGA LTD
QDe.012, MAKHTAB AL-KHIDAMAT
IRe.039, MAKIN
IRe.040, MALEK ASHTAR UNIVERSITY
KPe.050, MANSUDAE OVERSEAS PROJECT GROUP OF COMPANIES
KPe.027, MINISTRY OF ATOMIC ENERGY INDUSTRY
IRe.042, MINISTRY OF DEFENSE LOGISTICS EXPORT
KPe.054, MINISTRY OF THE PEOPLE’S ARMED FORCES (MPAF)
IRe.043, MIZAN MACHINERY MANUFACTURING
QDe.089, MOROCCAN ISLAMIC COMBATANT GROUP
QDe.134, MOUVEMENT POUR L’UNIFICATION ET LE JIHAD EN AFRIQUE DE L’OUEST
QDe.136, MUHAMMAD JAMAL NETWORK (MJN)
QDe.150, MUJAHIDIN INDONESIAN TIMUR (MIT)
KPe.028, MUNITIONS INDUSTRY DEPARTMENT
KPe.068, MYOHYANG SHIPPING CO
KPe.004, NAMCHONGANG TRADING CORPORATION
KPe.029, NATIONAL AEROSPACE DEVELOPMENT ADMINISTRATION
IRe.045, NIRU BATTERY MANUFACTURING COMPANY
KPe.020," OCEAN MARITIME MANAGEMENT COMPANY, LIMITED (OMM)"
KPe.030, OFFICE 39
IRe.048, OMRAN SAHEL
KPe.052, ORGANIZATION AND GUIDANCE DEPARTMENT (OGD)
IRe.049, ORIENTAL OIL KISH
KPe.069, PAEKMA SHIPPING CO
IRe.050, PARCHIN CHEMICAL INDUSTRIES
IRe.051, PARS AVIATION SERVICES COMPANY
IRe.053, PEJMAN INDUSTRIAL SERVICES CORPORATION
KPe.070, PHYONGCHON SHIPPING & MARINE
KPe.071, PRO-GAIN GROUP CORPORATION
IRe.055, QODS AERONAUTICS INDUSTRIES
QDe.021, RABITA TRUST
IRe.056, RAH SAHEL
IRe.057, RAHAB ENGINEERING INSTITUTE
TAe.013, RAHAT LTD.
QDe.128, RAJAH SOLAIMAN MOVEMENT
KPe.031, RECONNAISSANCE GENERAL BUREAU
QDe.070, REVIVAL OF ISLAMIC HERITAGE SOCIETY
QDe.100, RIYADUS-SALIKHIN RECONNAISSANCE AND SABOTAGE BATTALION OF
TAe.011, ROSHAN MONEY EXCHANGE
IRe.058, SABALAN COMPANY
IRe.059, SAD IMPORT EXPORT COMPANY
IRe.060, SAFETY EQUIPMENT PROCUREMENT (SEP)
IRe.061, SAHAND ALUMINUM PARTS INDUSTRIAL COMPANY (SAPICO)
IRe.062, SAHEL CONSULTANT ENGINEERS
IRe.063, SANAM INDUSTRIAL GROUP
KPe.018, SECOND ACADEMY OF NATURAL SCIENCES
KPe.032, SECOND ECONOMIC COMMITTEE
QDe.154, SELSELAT AL-THAHAB
IRe.064, SEPANIR
IRe.065, SEPASAD ENGINEERING COMPANY
IRe.066, SHAHID BAGHERI INDUSTRIAL GROUP (SBIG)
IRe.067, SHAHID HEMMAT INDUSTRIAL GROUP (SHIG)
IRe.068, SHAHID KARRAZI INDUSTRIES
IRe.069, SHAHID SATTARI INDUSTRIES
IRe.070, SHAHID SAYYADE SHIRAZI INDUSTRIES (SSSI)
KPe.072, SHANGHAI DONGFENG SHIPPING CO LTD
KPe.073, SHEN ZHONG INTERNATIONAL SHIPPING
IRe.071, SHO'A' AVIATION
KPe.036, SINGWANG ECONOMICS AND TRADING GENERAL CORPORATION
IRe.073, SPECIAL INDUSTRIES GROUP (SIG)
QDe.101, SPECIAL PURPOSE ISLAMIC REGIMENT (SPIR)
KPe.046, STRATEGIC ROCKET FORCE OF THE KOREAN PEOPLE’S ARMY
IQe.208, T.M.G. ENGINEERING LIMITED
QDe.108, TAIBAH INTERNATIONAL-BOSNIA OFFICES
KPe.003, TANCHON COMMERCIAL BANK
QDe.160, TARIQ GIDAR GROUP (TGG)
IQe.207, TECHNOLOGY AND DEVELOPMENT GROUP LIMITED
QDe.132, TEHRIK-E TALIBAN PAKISTAN (TTP)
QDe.148, THE ARMY OF EMIGRANTS AND SUPPORTERS
YEe.001, THE HOUTHIS
QDe.014, THE ORGANIZATION OF AL-QAIDA IN THE ISLAMIC MAGHREB
IRe.075, TIZ PARS
KPe.015, TOSONG TECHNOLOGY TRADING CORPORATION
CDe.008, TOUS POUR LA PAIX ET LE DEVELOPPEMENT (NGO)
IQe.205," TRADING AND TRANSPORT SERVICES COMPANY, LTD"
QDe.090, TUNISIAN COMBATANT GROUP
CDe.009, UGANDA COMMERCIAL IMPEX (UCI) LTD
QDe.068, UMMAH TAMEER E-NAU (UTN)
QDe.015, WAFA HUMANITARIAN ORGANIZATION
KPe.074, WEIHAI WORLD-SHIPPING FREIGHT
IRe.076, YA MAHDI INDUSTRIES GROUP
IRe.077, YAS AIR
IRe.078, YAZD METALLURGY INDUSTRIES (YMI)
KPe.075, YUK TUNG ENERGY PTE LTD